{"cameraMode":{"drawMode":0,"name":"Shaded","section":"Shading Mode"},"sceneLighting":false,"audioPlay":false,"sceneViewState":{"m_AlwaysRefresh":false,"showFog":true,"showSkybox":false,"showFlares":true,"showImageEffects":true,"showParticleSystems":true,"showVisualEffectGraphs":true,"m_FxEnabled":true},"in2DMode":false,"pivot":{"x":-0.024179648607969285,"y":0.2838960289955139,"z":0.15399999916553498},"rotation":{"x":-0.01738809607923031,"y":-0.03239721432328224,"z":0.0005607211496680975,"w":-0.9993321895599365},"size":0.5779597163200378,"orthographic":true}