{"cameraMode":{"drawMode":0,"name":"Shaded","section":"Shading Mode"},"sceneLighting":false,"audioPlay":false,"sceneViewState":{"m_AlwaysRefresh":false,"showFog":true,"showSkybox":false,"showFlares":true,"showImageEffects":true,"showParticleSystems":true,"showVisualEffectGraphs":true,"m_FxEnabled":true},"in2DMode":false,"pivot":{"x":-4.409714221954346,"y":1.6512082815170289,"z":-3.037135362625122},"rotation":{"x":-0.00037461562897078693,"y":0.9867265224456787,"z":-0.16278405487537385,"w":-0.002671894384548068},"size":0.9360994696617127,"orthographic":false}