{"cameraMode":{"drawMode":0,"name":"Shaded","section":"Shading Mode"},"sceneLighting":false,"audioPlay":false,"sceneViewState":{"m_AlwaysRefresh":false,"showFog":true,"showSkybox":false,"showFlares":true,"showImageEffects":true,"showParticleSystems":true,"showVisualEffectGraphs":true,"m_FxEnabled":true},"in2DMode":false,"pivot":{"x":-0.6069580316543579,"y":0.12685629725456239,"z":-0.17428410053253175},"rotation":{"x":-0.0006023050518706441,"y":-0.8860984444618225,"z":-0.0013757477281615139,"w":0.46368083357810976},"size":1.5780670642852784,"orthographic":false}