{"cameraMode":{"drawMode":0,"name":"Shaded","section":"Shading Mode"},"sceneLighting":false,"audioPlay":false,"sceneViewState":{"m_AlwaysRefresh":false,"showFog":true,"showSkybox":false,"showFlares":true,"showImageEffects":true,"showParticleSystems":true,"showVisualEffectGraphs":true,"m_FxEnabled":true},"in2DMode":false,"pivot":{"x":7.771142959594727,"y":3.454256772994995,"z":18.964651107788087},"rotation":{"x":0.0020312853157520296,"y":-0.994292676448822,"z":0.10719214379787445,"w":0.016419705003499986},"size":27.17287826538086,"orthographic":true}