{"cameraMode":{"drawMode":0,"name":"Shaded","section":"Shading Mode"},"sceneLighting":true,"audioPlay":false,"sceneViewState":{"m_AlwaysRefresh":false,"showFog":true,"showSkybox":false,"showFlares":true,"showImageEffects":true,"showParticleSystems":true,"showVisualEffectGraphs":true,"m_FxEnabled":true},"in2DMode":false,"pivot":{"x":1.2185001373291016,"y":-0.05090761184692383,"z":-4.232999801635742},"rotation":{"x":-0.026006687432527543,"y":0.9730185866355896,"z":-0.13841865956783296,"w":-0.18279358744621278},"size":5.153362274169922,"orthographic":false}