{"cameraMode":{"drawMode":0,"name":"Shaded","section":"Shading Mode"},"sceneLighting":true,"audioPlay":false,"sceneViewState":{"m_AlwaysRefresh":false,"showFog":true,"showSkybox":true,"showFlares":true,"showImageEffects":true,"showParticleSystems":true,"showVisualEffectGraphs":true,"m_FxEnabled":false},"in2DMode":false,"pivot":{"x":15.669862747192383,"y":-1.0499999523162842,"z":13.180869102478028},"rotation":{"x":-0.2712353765964508,"y":0.12028013914823532,"z":-0.034278254956007007,"w":-0.9543920159339905},"size":1.7267476320266724,"orthographic":true}