{"cameraMode":{"drawMode":0,"name":"Shaded","section":"Shading Mode"},"sceneLighting":true,"audioPlay":false,"sceneViewState":{"m_AlwaysRefresh":false,"showFog":true,"showSkybox":true,"showFlares":true,"showImageEffects":true,"showParticleSystems":true,"showVisualEffectGraphs":true,"m_FxEnabled":false},"in2DMode":false,"pivot":{"x":15.669862747192383,"y":-0.6500002145767212,"z":13.180869102478028},"rotation":{"x":-0.004685548134148121,"y":-0.995114803314209,"z":0.08077767491340637,"w":-0.05736976116895676},"size":1.5684386491775513,"orthographic":false}