{"cameraMode":{"drawMode":0,"name":"Shaded","section":"Shading Mode"},"sceneLighting":true,"audioPlay":false,"sceneViewState":{"m_AlwaysRefresh":false,"showFog":true,"showSkybox":true,"showFlares":true,"showImageEffects":true,"showParticleSystems":true,"showVisualEffectGraphs":true,"m_FxEnabled":true},"in2DMode":false,"pivot":{"x":11.977778434753418,"y":5.478384017944336,"z":7.850000381469727},"rotation":{"x":-0.0003434387326706201,"y":0.9975116848945618,"z":-0.0047984314151108269,"w":-0.07045554369688034},"size":11.832478523254395,"orthographic":false}