{"cameraMode":{"drawMode":0,"name":"Shaded","section":"Shading Mode"},"sceneLighting":true,"audioPlay":false,"sceneViewState":{"m_AlwaysRefresh":false,"showFog":true,"showSkybox":true,"showFlares":true,"showImageEffects":true,"showParticleSystems":true,"showVisualEffectGraphs":true,"m_FxEnabled":false},"in2DMode":false,"pivot":{"x":659.9314575195313,"y":439.7754211425781,"z":-526.6420288085938},"rotation":{"x":0.041402243077754977,"y":0.007475380785763264,"z":-0.0006454564281739295,"w":0.9992312788963318},"size":34.7971305847168,"orthographic":false}