{"cameraMode":{"drawMode":0,"name":"Shaded","section":"Shading Mode"},"sceneLighting":true,"audioPlay":false,"sceneViewState":{"m_AlwaysRefresh":false,"showFog":true,"showSkybox":true,"showFlares":true,"showImageEffects":true,"showParticleSystems":true,"showVisualEffectGraphs":true,"m_FxEnabled":true},"in2DMode":false,"pivot":{"x":10.091323852539063,"y":4.880499839782715,"z":15.922386169433594},"rotation":{"x":0.39259907603263857,"y":-0.33623042702674868,"z":0.15685681998729707,"w":0.8415639400482178},"size":2.1299710273742677,"orthographic":false}