{"cameraMode":{"drawMode":0,"name":"Shaded","section":"Shading Mode"},"sceneLighting":true,"audioPlay":false,"sceneViewState":{"m_AlwaysRefresh":false,"showFog":true,"showSkybox":true,"showFlares":true,"showImageEffects":true,"showParticleSystems":true,"showVisualEffectGraphs":true,"m_FxEnabled":false},"in2DMode":false,"pivot":{"x":17.880735397338868,"y":-0.04999995231628418,"z":18.899999618530275},"rotation":{"x":0.0748833641409874,"y":-0.880217969417572,"z":0.14722102880477906,"w":0.4451485276222229},"size":1.0307763814926148,"orthographic":false}