{"cameraMode":{"drawMode":0,"name":"Shaded","section":"Shading Mode"},"sceneLighting":true,"audioPlay":false,"sceneViewState":{"m_AlwaysRefresh":false,"showFog":true,"showSkybox":true,"showFlares":true,"showImageEffects":true,"showParticleSystems":true,"showVisualEffectGraphs":true,"m_FxEnabled":false},"in2DMode":false,"pivot":{"x":307.0911865234375,"y":357.96234130859377,"z":-201.3467254638672},"rotation":{"x":0.006913176737725735,"y":0.0014928568853065372,"z":-0.0003108560049440712,"w":1.000091552734375},"size":100.55354309082031,"orthographic":false}