{"cameraMode":{"drawMode":0,"name":"Shaded","section":"Shading Mode"},"sceneLighting":true,"audioPlay":false,"sceneViewState":{"m_AlwaysRefresh":false,"showFog":true,"showSkybox":true,"showFlares":true,"showImageEffects":true,"showParticleSystems":true,"showVisualEffectGraphs":true,"m_FxEnabled":false},"in2DMode":false,"pivot":{"x":17.200000762939454,"y":-0.296999990940094,"z":15.699999809265137},"rotation":{"x":-0.003964014817029238,"y":0.8977988362312317,"z":-0.008079894818365574,"w":-0.44034871459007265},"size":1.7660253047943116,"orthographic":false}