{"cameraMode":{"drawMode":0,"name":"Shaded","section":"Shading Mode"},"sceneLighting":true,"audioPlay":false,"sceneViewState":{"m_AlwaysRefresh":false,"showFog":true,"showSkybox":true,"showFlares":true,"showImageEffects":true,"showParticleSystems":true,"showVisualEffectGraphs":true,"m_FxEnabled":true},"in2DMode":false,"pivot":{"x":50.96840286254883,"y":449.862060546875,"z":28.235868453979493},"rotation":{"x":0.030535461381077768,"y":-0.06352131068706513,"z":-0.001772550749592483,"w":-0.9976209998130798},"size":154.8356475830078,"orthographic":false}