{"cameraMode":{"drawMode":0,"name":"Shaded","section":"Shading Mode"},"sceneLighting":false,"audioPlay":false,"sceneViewState":{"m_AlwaysRefresh":false,"showFog":true,"showSkybox":false,"showFlares":true,"showImageEffects":true,"showParticleSystems":true,"showVisualEffectGraphs":true,"m_FxEnabled":true},"in2DMode":false,"pivot":{"x":0.36242276430130007,"y":2.1188740730285646,"z":-3.1172823905944826},"rotation":{"x":0.02059537172317505,"y":0.9759437441825867,"z":-0.18972302973270417,"w":0.10611932724714279},"size":1.7053565979003907,"orthographic":false}