{"cameraMode":{"drawMode":0,"name":"Shaded","section":"Shading Mode"},"sceneLighting":false,"audioPlay":false,"sceneViewState":{"m_AlwaysRefresh":false,"showFog":true,"showSkybox":false,"showFlares":true,"showImageEffects":true,"showParticleSystems":true,"showVisualEffectGraphs":true,"m_FxEnabled":true},"in2DMode":false,"pivot":{"x":5.960464477539063e-8,"y":0.06519448012113571,"z":0.18398672342300416},"rotation":{"x":-0.012791138142347336,"y":0.9867721199989319,"z":-0.12950623035430909,"w":-0.09713159501552582},"size":0.3713986277580261,"orthographic":false}