{"cameraMode":{"drawMode":0,"name":"Shaded","section":"Shading Mode"},"sceneLighting":true,"audioPlay":false,"sceneViewState":{"m_AlwaysRefresh":false,"showFog":true,"showSkybox":false,"showFlares":true,"showImageEffects":true,"showParticleSystems":true,"showVisualEffectGraphs":true,"m_FxEnabled":true},"in2DMode":false,"pivot":{"x":-17.307498931884767,"y":-0.3041727542877197,"z":1.7149991989135743},"rotation":{"x":-0.0011861460516229272,"y":0.9801754951477051,"z":-0.19818224012851716,"w":-0.005882645957171917},"size":9.168268203735352,"orthographic":false}