{"cameraMode":{"drawMode":0,"name":"Shaded","section":"Shading Mode"},"sceneLighting":false,"audioPlay":false,"sceneViewState":{"m_AlwaysRefresh":false,"showFog":true,"showSkybox":false,"showFlares":true,"showImageEffects":true,"showParticleSystems":true,"showVisualEffectGraphs":true,"m_FxEnabled":true},"in2DMode":false,"pivot":{"x":-0.034817054867744449,"y":0.07242964208126068,"z":-3.725290298461914e-7},"rotation":{"x":-0.07365942001342774,"y":-0.9256947040557861,"z":0.27881354093551638,"w":-0.24522088468074799},"size":0.17619822919368745,"orthographic":false}