{"cameraMode":{"drawMode":0,"name":"Shaded","section":"Shading Mode"},"sceneLighting":false,"audioPlay":false,"sceneViewState":{"m_AlwaysRefresh":false,"showFog":true,"showSkybox":false,"showFlares":true,"showImageEffects":true,"showParticleSystems":true,"showVisualEffectGraphs":true,"m_FxEnabled":false},"in2DMode":false,"pivot":{"x":9.244291305541993,"y":-31.365856170654298,"z":-14.547063827514649},"rotation":{"x":0.0014249637024477125,"y":-0.9972774386405945,"z":0.07734428346157074,"w":-0.001911119557917118},"size":8.744071006774903,"orthographic":true}