{"cameraMode":{"drawMode":0,"name":"Shaded","section":"Shading Mode"},"sceneLighting":false,"audioPlay":false,"sceneViewState":{"m_AlwaysRefresh":false,"showFog":true,"showSkybox":false,"showFlares":true,"showImageEffects":true,"showParticleSystems":true,"showVisualEffectGraphs":true,"m_FxEnabled":true},"in2DMode":false,"pivot":{"x":0.8072319030761719,"y":-1.4156677722930909,"z":-2.0144271850585939},"rotation":{"x":0.020741505548357965,"y":0.9651588201522827,"z":-0.24849314987659455,"w":0.0800672173500061},"size":1.1096476316452027,"orthographic":false}