{"cameraMode":{"drawMode":0,"name":"Shaded","section":"Shading Mode"},"sceneLighting":false,"audioPlay":false,"sceneViewState":{"m_AlwaysRefresh":false,"showFog":true,"showSkybox":false,"showFlares":true,"showImageEffects":true,"showParticleSystems":true,"showVisualEffectGraphs":true,"m_FxEnabled":true},"in2DMode":false,"pivot":{"x":0.00008869171142578125,"y":0.6984456181526184,"z":-0.002640962600708008},"rotation":{"x":0.0006523534539155662,"y":0.9906880259513855,"z":-0.13607576489448548,"w":0.00475058751180768},"size":1.0955796241760255,"orthographic":false}