{"cameraMode":{"drawMode":0,"name":"Shaded","section":"Shading Mode"},"sceneLighting":false,"audioPlay":false,"sceneViewState":{"showFog":true,"showMaterialUpdate":false,"showSkybox":false,"showFlares":true,"showImageEffects":true,"showParticleSystems":true},"in2DMode":false,"pivot":{"x":3.2097535133361818,"y":0.45096731185913088,"z":4.571255683898926},"rotation":{"x":0.011417361907660962,"y":-0.9856811165809631,"z":0.15885964035987855,"w":0.06013637036085129},"size":10.799200057983399,"orthographic":true}