{"cameraMode":{"drawMode":0,"name":"Shaded","section":"Shading Mode"},"sceneLighting":false,"audioPlay":false,"sceneViewState":{"m_AlwaysRefresh":false,"showFog":true,"showSkybox":false,"showFlares":true,"showImageEffects":true,"showParticleSystems":true,"showVisualEffectGraphs":true,"m_FxEnabled":true},"in2DMode":false,"pivot":{"x":0.0752824991941452,"y":0.16188010573387147,"z":-2.9802322387695315e-8},"rotation":{"x":-0.015098595060408116,"y":-0.9729288816452026,"z":0.22114971280097962,"w":-0.06666043400764466},"size":0.3182890713214874,"orthographic":false}